Episode,Season,Title,Primary Scope,Format,Lab Note
EP-01,S1,Welcome to the Toast Rack,"Network components, LAN/WAN/SOHO, topology basics",Story session,Optional separate lab where applicable
EP-02,S1,What Actually Moves?,"OSI, TCP/IP, encapsulation",Story session,Optional separate lab where applicable
EP-03,S1,The Payment Terminal Problem,"On-premises, cloud, endpoints, servers, firewalls, APs",Story session,Optional separate lab where applicable
EP-04,S1,"Copper, Fibre and the Mystery Cable","Cabling, interfaces, PoE",Story session,Optional separate lab where applicable
EP-05,S1,"Fast, Slow, or Half-Asleep","Speed, duplex, collisions, errors",Story session,Optional separate lab where applicable
EP-06,S1,"TCP Waits, UDP Sends",TCP versus UDP,Story session,Optional separate lab where applicable
EP-07,S1,Your First Cisco Prompt,"IOS modes, CLI navigation, secure basic management",Story session,Optional separate lab where applicable
EP-08,S1,How the Switch Remembers,"MAC learning, flooding, forwarding, aging",Story session,Optional separate lab where applicable
EP-09,S1,The First Small Network,Season integration and review,Story session,Optional separate lab where applicable
EP-10,S2,Addresses on the Menu,IPv4 structure and private ranges,Story session,Optional separate lab where applicable
EP-11,S2,Binary Without Tears,Binary and mask foundations,Story session,Optional separate lab where applicable
EP-12,S2,Finding the Subnet,"Subnet ID, broadcast, host range",Story session,Optional separate lab where applicable
EP-13,S2,How Many Tables?,Subnet sizing and VLSM,Story session,Optional separate lab where applicable
EP-14,S2,Who Is Local?,"Default gateway, ARP, local/remote decisions",Story session,Optional separate lab where applicable
EP-15,S2,Client Settings Gone Wrong,"Windows, macOS, Linux IP checks",Story session,Optional separate lab where applicable
EP-16,S2,IPv6 Is Not Just Longer,"IPv6 format, prefixes, global and unique-local",Story session,Optional separate lab where applicable
EP-17,S2,IPv6 Address Personalities,"Link-local, multicast, anycast, EUI-64",Story session,Optional separate lab where applicable
EP-18,S2,The Addressing Review,Season integration and subnetting review,Story session,Optional separate lab where applicable
EP-19,S3,The Croissant Contract,Campus requirements and VLAN purpose,Story session,Optional separate lab where applicable
EP-20,S3,"One Switch, Many Networks","Access VLANs, default VLAN, voice VLANs",Story session,Optional separate lab where applicable
EP-21,S3,The Tagged Hallway,"Trunks, 802.1Q, native VLAN",Story session,Optional separate lab where applicable
EP-22,S3,Crossing Between VLANs,Router-on-a-stick and SVIs,Story session,Optional separate lab where applicable
EP-23,S3,Who Is Connected Here?,CDP and LLDP,Story session,Optional separate lab where applicable
EP-24,S3,The Loop That Ate Lunch,"STP purpose, root election, port roles",Story session,Optional separate lab where applicable
EP-25,S3,Rapid Recovery,"Rapid PVST+, states, alternate ports",Story session,Optional separate lab where applicable
EP-26,S3,"Fast Edge, Safe Edge","PortFast, BPDU Guard, Root Guard, Loop Guard, BPDU Filter",Story session,Optional separate lab where applicable
EP-27,S3,"Two Links, One Logical Road","Layer 2 and Layer 3 EtherChannel, LACP",Story session,Optional separate lab where applicable
EP-28,S3,Campus Switching Review,Season integration and review,Story session,Optional separate lab where applicable
EP-29,S4,The Second Campus,Routing table components and gateway of last resort,Story session,Optional separate lab where applicable
EP-30,S4,The Most Specific Route Wins,Longest prefix match,Story session,Optional separate lab where applicable
EP-31,S4,Trust Before Distance,Administrative distance and metrics,Story session,Optional separate lab where applicable
EP-32,S4,Static Choices,"Network, host, default, floating static routes",Story session,Optional separate lab where applicable
EP-33,S4,IPv6 Takes the Same Journey,IPv6 static routing,Story session,Optional separate lab where applicable
EP-34,S4,Why Dynamic Routing Exists,IGP concepts and OSPF purpose,Story session,Optional separate lab where applicable
EP-35,S4,Meeting the Neighbour,OSPF adjacency requirements and router ID,Story session,Optional separate lab where applicable
EP-36,S4,The Campus Election,"Broadcast networks, DR and BDR",Story session,Optional separate lab where applicable
EP-37,S4,No Election Needed,Point-to-point OSPF and verification,Story session,Optional separate lab where applicable
EP-38,S4,First-Hop Survival,FHRP purpose and concepts,Story session,Optional separate lab where applicable
EP-39,S4,The Routed Campus Review,Season integration and troubleshooting,Story session,Optional separate lab where applicable
EP-40,S5,An Address on Arrival,"DHCP, DNS, DHCP relay",Story session,Optional separate lab where applicable
EP-41,S5,One Public Face,Inside source NAT using static and pools,Story session,Optional separate lab where applicable
EP-42,S5,Everybody Check the Clock,NTP client and server,Story session,Optional separate lab where applicable
EP-43,S5,The Network Starts Talking,"SNMP, syslog, severity and facilities",Story session,Optional separate lab where applicable
EP-44,S5,Remote but Secure,"SSH, management access, TFTP and FTP",Story session,Optional separate lab where applicable
EP-45,S5,When the Queue Gets Crowded,"QoS classification, marking, queuing, policing, shaping",Story session,Optional separate lab where applicable
EP-46,S5,The Wireless Building,"RF, channels, SSIDs, APs, WLCs, architectures and modes",Story session,Optional separate lab where applicable
EP-47,S5,The WLAN Screen,"WLAN GUI, security, QoS, advanced settings",Story session,Optional separate lab where applicable
EP-48,S5,Managed Services Review,Season integration and review,Story session,Optional separate lab where applicable
EP-49,S6,What Could Go Wrong?,"Threats, vulnerabilities, exploits, mitigations, security programs",Story session,Optional separate lab where applicable
EP-50,S6,"Who Are You, and What Can You Do?","AAA, local access, password policy, MFA and certificates",Story session,Optional separate lab where applicable
EP-51,S6,Only These Packets,Standard and extended ACLs,Story session,Optional separate lab where applicable
EP-52,S6,Trust the Switch Port,"Port security, DHCP snooping, DAI",Story session,Optional separate lab where applicable
EP-53,S6,Secure the Air,"WPA, WPA2, WPA3 and WPA2-PSK WLAN",Story session,Optional separate lab where applicable
EP-54,S6,The Encrypted Road,Remote-access and site-to-site IPsec VPN concepts,Story session,Optional separate lab where applicable
EP-55,S6,Security Review,Season integration and review,Story session,Optional separate lab where applicable
EP-56,S7,Too Many Devices to Touch,"Automation impact, traditional vs controller-based, control/data planes",Story session,Optional separate lab where applicable
EP-57,S7,"APIs, JSON and the Automated Kitchen","Underlay, overlay, fabric, northbound/southbound APIs, REST, CRUD, JSON, Ansible, Terraform, AI/ML",Story session,Optional separate lab where applicable
EP-58,S7,The Final Customer Design,"Integrated design, troubleshooting and readiness assessment",Story session,Optional separate lab where applicable
